date,open,high,low,close,volume,log_return,return,target_return,rsi_14,ema_12,ema_26,trend_gap,macd,macd_signal,bb_mid,bb_upper,bb_lower,volatility_21,momentum_5,momentum_21,range_ratio,realized_volatility_5,drawdown_21,volume_zscore_21,return_lag_1,volume_lag_1,return_lag_2,volume_lag_2,return_lag_3,volume_lag_3,return_lag_4,volume_lag_4,return_lag_5,volume_lag_5,regime,regime_code
2024-02-02,106.6,107.5,106.1,107.25,1440000,0.006548199263500365,0.006569685593618146,0.006526806526806483,80.71974767530082,105.76345705950735,104.41348872916053,0.012587117299270973,1.3499683303468117,1.1599430247039968,104.595,108.13290006106804,101.05709993893196,0.0847119059708315,0.012269938650306678,0.06083086053412479,0.013053613053613107,0.09803763073722656,0.0,1.0320949744153738,-0.004670714619336769,1480000.0,0.009429514380009385,1500000.0,-0.00328947368421062,1390000.0,0.004247286455875354,1415000.0,0.005695301376364537,1385000.0,stress,-1.0
2024-02-05,107.3,108.2,106.95,107.95,1525000,0.006505599152689889,0.006526806526806483,0.00416859657248736,82.2569209559533,106.0998482811216,104.67545252700049,0.01319495835221035,1.4243957541211074,1.212833570587419,104.925,108.41943166073955,101.43056833926045,0.08415784558683954,0.014567669172932396,0.05989199803632794,0.01157943492357573,0.10191857915048412,0.0,1.7892502691097045,0.006569685593618146,1440000.0,-0.004670714619336769,1480000.0,0.009429514380009385,1500000.0,-0.00328947368421062,1390000.0,0.004247286455875354,1415000.0,range,0.0
2024-02-06,108.0,108.7,107.3,108.4,1495000,0.004159932044729864,0.00416859657248736,-0.0032287822878229733,83.18504288647864,106.45371777633365,104.95134493240785,0.01385952808049629,1.502372843925798,1.2707414252550948,105.24749999999999,108.7762503379197,101.71874966208027,0.07944068236513233,0.02215935879302222,0.0695609274790332,0.012915129151291565,0.08580246894218166,0.0,1.308974867161419,0.006526806526806483,1525000.0,0.006569685593618146,1440000.0,-0.004670714619336769,1480000.0,0.009429514380009385,1500000.0,-0.00328947368421062,1390000.0,range,0.0
2024-02-07,108.35,108.9,107.6,108.05,1460000,-0.003234006052650784,-0.0032287822878229733,0.007403979639055924,79.69333223437415,106.6992996568977,105.18087493741469,0.014052982133114372,1.5184247194830078,1.3202780841006776,105.50999999999999,109.05320699218571,101.96679300781427,0.08180821218055113,0.009341429238673538,0.05983325159391861,0.012031466913466094,0.08616031466915408,-0.0032287822878229733,0.8675969731960577,0.00416859657248736,1495000.0,0.006526806526806483,1525000.0,0.006569685593618146,1440000.0,-0.004670714619336769,1480000.0,0.009429514380009385,1500000.0,stress,-1.0
2024-02-08,108.1,109.2,107.9,108.85,1550000,0.007376704727660943,0.007403979639055924,0.005052824988516447,81.59500319773873,107.03017663275959,105.45266197908767,0.014492555385134831,1.5775146536719262,1.3717253980149273,105.8375,109.34206469254181,102.3329353074582,0.0810703421394076,0.021586109807602005,0.058852140077821025,0.011943040881947609,0.06939718006548425,0.0,1.725735208208299,-0.0032287822878229733,1460000.0,0.00416859657248736,1495000.0,0.006526806526806483,1525000.0,0.006569685593618146,1440000.0,-0.004670714619336769,1480000.0,range,0.0
2024-02-09,108.9,109.6,108.2,109.4,1580000,0.0050401023073245454,0.005052824988516447,0.005027422303473417,82.78837551689928,107.39476484310427,105.74505738804413,0.015079592825046968,1.6497074550601383,1.4273218094239697,106.16,109.73220262288515,102.58779737711484,0.07650151136011779,0.020046620046620056,0.06940371456500505,0.012797074954296082,0.06705115445304735,0.0,1.827981346292509,0.007403979639055924,1550000.0,-0.0032287822878229733,1460000.0,0.00416859657248736,1495000.0,0.006526806526806483,1525000.0,0.006569685593618146,1440000.0,range,0.0
2024-02-12,109.35,110.1,108.8,109.95,1605000,0.005014827012889356,0.005027422303473417,-0.004092769440654842,83.91177211956291,107.78787794416516,106.05653461855938,0.015746642342935678,1.7313433256057777,1.4881261126603313,106.47999999999999,110.21086697981218,102.7491330201878,0.07595100778478368,0.018527095877721056,0.06799417192812052,0.011823556161891742,0.06425652117067103,0.0,1.9459778360843343,0.005052824988516447,1580000.0,0.007403979639055924,1550000.0,-0.0032287822878229733,1460000.0,0.00416859657248736,1495000.0,0.006526806526806483,1525000.0,range,0.0
2024-02-13,110.0,110.7,109.1,109.5,1575000,-0.004101167744214429,-0.004092769440654842,0.008675799086758085,79.348419466405,108.05128133737051,106.31160612829572,0.01588744483173324,1.7396752090747896,1.5384359319432233,106.8,110.4059891700804,103.19401082991959,0.07924438912468959,0.010147601476014678,0.0574601641718977,0.014611872146118799,0.08405425741930353,-0.004092769440654842,1.4361352217565855,0.005027422303473417,1605000.0,0.005052824988516447,1580000.0,0.007403979639055924,1550000.0,-0.0032287822878229733,1460000.0,0.00416859657248736,1495000.0,stress,-1.0
2024-02-14,109.55,110.8,109.2,110.45,1660000,0.008638380609570895,0.008675799086758085,0.004074241738343254,81.62081144357163,108.42031497777505,106.61815382249604,0.016316533773463187,1.802161155279009,1.5911809766103806,107.12750000000001,110.81338702457023,103.44161297542979,0.07752619754211916,0.022211938917167995,0.0712900096993212,0.01448619284744223,0.07947265180070485,0.0,2.0597081721771118,-0.004092769440654842,1575000.0,0.005027422303473417,1605000.0,0.005052824988516447,1580000.0,0.007403979639055924,1550000.0,-0.0032287822878229733,1460000.0,range,0.0
2024-02-15,110.4,111.1,109.85,110.9,1620000,0.004065964490195029,0.004074241738343254,0.0036068530207393756,82.59762582765572,108.80180498119427,106.93532761342226,0.016830273830225485,1.8664773677720063,1.6462402548427058,107.45,111.27553745794049,103.62446254205952,0.07588653278246132,0.01883325677537906,0.06737247353224252,0.011271415689810639,0.07496684505239144,0.0,1.5207548897329422,0.008675799086758085,1660000.0,-0.004092769440654842,1575000.0,0.005027422303473417,1605000.0,0.005052824988516447,1580000.0,0.007403979639055924,1550000.0,range,0.0
2024-02-16,110.95,111.6,110.3,111.3,1645000,0.0036003639251775965,0.0036068530207393756,-0.0026954177897573484,83.44013505184058,109.18614267639515,107.25863667909468,0.017318113183292648,1.9275059973004716,1.702493403334259,107.77000000000001,111.76439080395714,103.77560919604288,0.07550190884483178,0.01736745886654467,0.0655816179990425,0.011680143755615428,0.07407824401996527,0.0,1.5860160469680378,0.004074241738343254,1620000.0,0.008675799086758085,1660000.0,-0.004092769440654842,1575000.0,0.005027422303473417,1605000.0,0.005052824988516447,1580000.0,range,0.0
2024-02-20,111.25,112.0,110.7,111.0,1595000,-0.00269905696916517,-0.0026954177897573484,0.0076576576576576905,80.30014384311468,109.46519764925743,107.53577470286544,0.017382188706234186,1.9294229463919947,1.7478793119458063,108.0575,112.11540651237291,103.9995934876271,0.07788029780446756,0.009549795361528002,0.058150619637750145,0.011711711711711686,0.08346668213152134,-0.0026954177897573484,0.9779393731995838,0.0036068530207393756,1645000.0,0.004074241738343254,1620000.0,0.008675799086758085,1660000.0,-0.004092769440654842,1575000.0,0.005027422303473417,1605000.0,stress,-1.0
2024-02-21,111.05,112.2,110.9,111.85,1700000,0.0076284866238047755,0.0076576576576576905,0.0026821636119804815,82.32919133665699,109.83209031860245,107.85534694709763,0.017673163804245186,1.9767433715048242,1.79365212385761,108.4025,112.52081276131386,104.28418723868614,0.07973705814835942,0.021461187214611765,0.06270783847980987,0.011622708985248075,0.07094068274315157,0.0,1.8088638776106585,-0.0026954177897573484,1595000.0,0.0036068530207393756,1645000.0,0.004074241738343254,1620000.0,0.008675799086758085,1660000.0,-0.004092769440654842,1575000.0,range,0.0
2024-02-22,111.9,112.6,111.2,112.15,1685000,0.0026785730300789012,0.0026821636119804815,-0.004012483281319645,82.99491644955344,110.18869180804823,108.17346939546077,0.0179689916414397,2.0152224125874625,1.8379661816035806,108.71750000000002,112.97515873394494,104.4598412660551,0.07695364709724609,0.015391579900407404,0.06860409718913774,0.012483281319661092,0.059255550343134206,0.0,1.544766019534543,0.0076576576576576905,1700000.0,-0.0026954177897573484,1595000.0,0.0036068530207393756,1645000.0,0.004074241738343254,1620000.0,0.008675799086758085,1660000.0,range,0.0
2024-02-23,112.2,112.9,111.45,111.7,1655000,-0.004020554891062567,-0.004012483281319645,0.010295434198746456,78.23379917672696,110.42120076065619,108.4346938846859,0.017784305066878173,1.9865068759702922,1.867674320476923,109.035,113.18090476443805,104.88909523556194,0.07816960839020058,0.007213706041478751,0.05526688710439309,0.012981199641897966,0.07601902323543065,-0.004012483281319645,1.1288198685391455,0.0026821636119804815,1685000.0,0.0076576576576576905,1700000.0,-0.0026954177897573484,1595000.0,0.0036068530207393756,1645000.0,0.004074241738343254,1620000.0,stress,-1.0
2024-02-26,111.75,113.1,111.5,112.85,1725000,0.01024279718838983,0.010295434198746456,0.003101462117855558,81.20167986627706,110.7948621820937,108.76175359693138,0.01801602645247949,2.03310858516231,1.9007611734140004,109.38,113.59281253721133,105.16718746278866,0.07781016564686655,0.01392632524708004,0.07119126720455626,0.014178112538768228,0.09926352326044037,0.0,1.620552740108783,-0.004012483281319645,1655000.0,0.0026821636119804815,1685000.0,0.0076576576576576905,1700000.0,-0.0026954177897573484,1595000.0,0.0036068530207393756,1645000.0,range,0.0
2024-02-27,112.9,113.6,112.1,113.2,1710000,0.0030966625055377506,0.003101462117855558,0.006625441696113121,82.0058537051309,111.16488338484851,109.09051258975127,0.01832483034538196,2.074370795097238,1.935483097750648,109.72,114.01692668629211,105.42307331370789,0.07731779601194688,0.01981981981981984,0.06842850401132616,0.013250883392226149,0.08685390423691894,0.0,1.3621025595583138,0.010295434198746456,1725000.0,-0.004012483281319645,1655000.0,0.0026821636119804815,1685000.0,0.0076576576576576905,1700000.0,-0.0026954177897573484,1595000.0,range,0.0
2024-02-28,113.25,114.1,112.8,113.95,1750000,0.006603589922610453,0.006625441696113121,0.0030715225976305494,83.62264026510205,111.59336286410257,109.45047462014006,0.01880551333007913,2.142888243962517,1.976964126993022,110.11500000000001,114.44374115650278,105.78625884349724,0.07817022581343129,0.018775145283862482,0.07095864661654128,0.011408512505484837,0.0843469923310491,0.0,1.5925139367792402,0.003101462117855558,1710000.0,0.010295434198746456,1725000.0,-0.004012483281319645,1655000.0,0.0026821636119804815,1685000.0,0.0076576576576576905,1700000.0,range,0.0
2024-02-29,114.0,114.7,113.35,114.3,1775000,0.0030668151090722517,0.0030715225976305494,0.00481189851268593,84.33022065554553,112.00976857731757,109.80969872235191,0.01924820520529888,2.200069854965662,2.0215852725875503,110.4775,114.93778970029162,106.0172102997084,0.07445030751887524,0.019170753455193923,0.0777934936350777,0.011811023622047319,0.08408470402074018,0.0,1.7046022529182134,0.006625441696113121,1750000.0,0.003101462117855558,1710000.0,0.010295434198746456,1725000.0,-0.004012483281319645,1655000.0,0.0026821636119804815,1685000.0,trend,1.0
2024-03-01,114.25,115.0,113.8,114.85,1800000,0.004800358334342114,0.00481189851268593,-0.003482803656943756,85.39786725404254,112.44672725773025,110.18305437254807,0.019709820506592726,2.2636728851821744,2.0700027951064754,110.8925,115.35866225222048,106.42633774777951,0.07154396455751028,0.028200537153088456,0.0728631480616535,0.010448410970831545,0.047857001183852776,0.0,1.7189537220972928,0.0030715225976305494,1775000.0,0.006625441696113121,1750000.0,0.003101462117855558,1710000.0,0.010295434198746456,1725000.0,-0.004012483281319645,1655000.0,trend,1.0
2024-03-04,114.9,115.6,114.1,114.45,1745000,-0.0034888827365318065,-0.003482803656943756,0.007863695937090354,81.07158085137027,112.75492306423328,110.49912441902599,0.019709905156900763,2.2557986452072925,2.107161965126639,111.25249999999998,115.64249760220545,106.86250239779451,0.06996384454705579,0.014178112538768328,0.07414359455654629,0.01310615989515072,0.06061314156583197,-0.003482803656943756,1.0905896915071362,0.00481189851268593,1800000.0,0.0030715225976305494,1775000.0,0.006625441696113121,1750000.0,0.003101462117855558,1710000.0,0.010295434198746456,1725000.0,trend,1.0
2024-03-05,114.5,115.8,114.2,115.35,1830000,0.00783293822118658,0.007863695937090354,0.005201560468140576,83.14107975035535,113.15416566973585,110.85844853613517,0.019902185813616604,2.295717133600675,2.1448729988214463,111.62249999999999,116.08727146229542,107.15772853770456,0.07083580347455339,0.018992932862190726,0.0755244755244755,0.01387082791504113,0.07058720979395258,0.0,1.762239283456789,-0.003482803656943756,1745000.0,0.00481189851268593,1800000.0,0.0030715225976305494,1775000.0,0.006625441696113121,1750000.0,0.003101462117855558,1710000.0,trend,1.0
2024-03-06,115.4,116.1,114.9,115.95,1810000,0.0051880790817788736,0.005201560468140576,-0.003018542475204944,84.36811131127097,113.58429402823803,111.23560049642145,0.02025608910579197,2.348693531816579,2.185637105420473,112.0,116.59244230402419,107.40755769597581,0.07026464094729104,0.0175515577007459,0.07410838351088467,0.01034928848641646,0.06763040362953929,0.0,1.4128196379180298,0.007863695937090354,1830000.0,-0.003482803656943756,1745000.0,0.00481189851268593,1800000.0,0.0030715225976305494,1775000.0,0.006625441696113121,1750000.0,trend,1.0
2024-03-07,116.0,116.7,115.2,115.6,1785000,-0.003023107463263841,-0.003018542475204944,0.007352941176470562,80.67927453486445,113.89440263927833,111.55888934853837,0.020203402169030743,2.3355132907399536,2.2156123424843694,112.37750000000001,116.84227146229549,107.91272853770454,0.07362944864274806,0.01137357830271224,0.06642066420664205,0.012975778546712804,0.0822599885616742,-0.003018542475204944,1.0832609850111599,0.005201560468140576,1810000.0,0.007863695937090354,1830000.0,-0.003482803656943756,1745000.0,0.00481189851268593,1800000.0,0.0030715225976305494,1775000.0,trend,1.0
2024-03-08,115.55,116.9,115.1,116.45,1850000,0.0073260400920727164,0.007352941176470562,0.004293688278230956,82.66193072635961,114.28757146400474,111.92119384123923,0.020320975721472838,2.366377622765512,2.2457653985405983,112.75749999999998,117.2517390023816,108.26326099761836,0.07129811385741835,0.013931214627775468,0.07774178621008798,0.015457277801631699,0.08890626448625819,0.0,1.6759790966807508,-0.003018542475204944,1785000.0,0.005201560468140576,1810000.0,0.007863695937090354,1830000.0,-0.003482803656943756,1745000.0,0.00481189851268593,1800000.0,trend,1.0
2024-03-11,116.5,117.2,115.9,116.95,1885000,0.004284496699837881,0.004293688278230956,0.003847798204360764,83.72022887864452,114.69717585415786,112.29369800114743,0.020551328371187935,2.403477853010429,2.2773078894345646,113.13500000000002,117.70942547442351,108.56057452557653,0.06999908844257124,0.021843599825251303,0.07441433164905842,0.011115861479264619,0.06937124397106537,0.0,1.8415773829453959,0.007352941176470562,1850000.0,-0.003018542475204944,1785000.0,0.005201560468140576,1810000.0,0.007863695937090354,1830000.0,-0.003482803656943756,1745000.0,trend,1.0
2024-03-12,117.0,117.8,116.3,117.4,1900000,0.003840414363808442,0.003847798204360764,-0.002981260647359485,84.62955751308931,115.1129949535182,112.67194259365503,0.02079260953886852,2.441052359863164,2.3100567835202845,113.50750000000001,118.20164809265661,108.8133519073434,0.06977182932017854,0.017771998266146616,0.07312614259597816,0.012776831345826235,0.06197997597781127,0.0,1.7782953035639026,0.004293688278230956,1885000.0,0.007352941176470562,1850000.0,-0.003018542475204944,1785000.0,0.005201560468140576,1810000.0,0.007863695937090354,1830000.0,trend,1.0
2024-03-13,117.35,118.1,116.85,117.05,1860000,-0.002985713457076322,-0.002981260647359485,0.008116189662537465,80.84707359118634,115.41099572990001,112.99624314227317,0.020630094725560325,2.414752587626836,2.330995944341595,113.88499999999999,118.43427408899973,109.33572591100025,0.07283136027437921,0.009486847779215157,0.064574806730332,0.010679196924391286,0.07415153597981032,-0.002981260647359485,1.240715797753393,0.003847798204360764,1900000.0,0.004293688278230956,1885000.0,0.007352941176470562,1850000.0,-0.003018542475204944,1785000.0,0.005201560468140576,1810000.0,trend,1.0
2024-03-14,117.1,118.4,116.9,118.0,1925000,0.008083430528745161,0.008116189662537465,0.0029661016949151797,83.06018793349529,115.80930407914616,113.3668917984011,0.020698409158856443,2.44241228074506,2.3532792116222883,114.2625,118.86431600309251,109.6606839969075,0.0700905367721647,0.02076124567474058,0.07762557077625565,0.012711864406779662,0.06962805638825552,0.0,1.742082738287717,-0.002981260647359485,1860000.0,0.003847798204360764,1900000.0,0.004293688278230956,1885000.0,0.007352941176470562,1850000.0,-0.003018542475204944,1785000.0,trend,1.0
2024-03-15,118.05,118.8,117.3,118.35,1910000,0.002961711494327446,0.0029661016949151797,0.003379805661174462,83.80276039925151,116.20018037466214,113.73601092444547,0.02082103464483881,2.464169450216673,2.3754572593411654,114.63499999999999,119.29649964575468,109.9735003542453,0.06760217280230744,0.016316015457277677,0.07152557718424624,0.01267427122940431,0.06351571223914414,0.0,1.421399978707135,0.008116189662537465,1925000.0,-0.002981260647359485,1860000.0,0.003847798204360764,1900000.0,0.004293688278230956,1885000.0,0.007352941176470562,1850000.0,trend,1.0
2024-03-18,118.4,119.0,117.85,118.75,1935000,0.003374106954757927,0.003379805661174462,0.004210526315789442,84.6318989202841,116.59246031702182,114.10741752263469,0.020926676163260015,2.4850427943871267,2.3973743663503577,115.00749999999998,119.73705711735447,110.27794288264549,0.06754521978763171,0.015391192817443278,0.07078449053201075,0.009684210526315837,0.0628966345472971,0.0,1.5214165800484043,0.0029661016949151797,1910000.0,0.008116189662537465,1925000.0,-0.002981260647359485,1860000.0,0.003847798204360764,1900000.0,0.004293688278230956,1885000.0,trend,1.0
2024-03-19,118.8,119.6,118.2,119.25,1965000,0.004201686853700259,0.004210526315789442,0.005450733752620618,85.62263948533453,117.00131257594154,114.48834955799508,0.021073065140012254,2.5129630179464613,2.4204920966695784,115.41999999999999,120.11685224939366,110.72314775060632,0.06761541424469114,0.015758091993185674,0.0714285714285714,0.011740041928721103,0.06323259787997412,0.0,1.6366072052340745,0.003379805661174462,1935000.0,0.0029661016949151797,1910000.0,0.008116189662537465,1925000.0,-0.002981260647359485,1860000.0,0.003847798204360764,1900000.0,trend,1.0
2024-03-20,119.2,120.1,118.7,119.9,1990000,0.005435932265017485,0.005450733752620618,-0.0029190992493745016,86.81283727099982,117.44726448733515,114.88921255369915,0.021334878512393612,2.558051933635994,2.4480040640628618,115.82249999999999,120.610035900649,111.03496409935099,0.06432361592401106,0.024348568987612174,0.08018018018018025,0.011676396997497843,0.03286554064571674,0.0,1.7555561478150377,0.004210526315789442,1965000.0,0.003379805661174462,1935000.0,0.0029661016949151797,1910000.0,0.008116189662537465,1925000.0,-0.002981260647359485,1860000.0,trend,1.0
2024-03-21,119.95,120.6,119.1,119.55,1945000,-0.002923368129134296,-0.0029190992493745016,0.006691760769552468,82.83634384956977,117.77076225851435,115.23445606823995,0.021215442829564217,2.536306190274402,2.46566448930517,116.1925,120.92850709014438,111.45649290985561,0.06649592128516858,0.01313559322033897,0.06884219937416192,0.012547051442910916,0.051391197368105816,-0.0029190992493745016,1.178133778239487,0.005450733752620618,1990000.0,0.004210526315789442,1965000.0,0.003379805661174462,1935000.0,0.0029661016949151797,1910000.0,0.008116189662537465,1925000.0,trend,1.0
2024-03-22,119.6,120.9,119.3,120.35,2010000,0.00666947032474674,0.006691760769552468,0.004985459077690102,84.57548366839679,118.16756806489676,115.61338524837034,0.021222956514552728,2.5541828165264207,2.4833681547494204,116.625,121.21107732851958,112.03892267148042,0.06755707415938753,0.01689902830587231,0.07311636201515825,0.013294557540506926,0.059196503010814944,0.0,1.6596875406813356,-0.0029190992493745016,1945000.0,0.005450733752620618,1990000.0,0.004210526315789442,1965000.0,0.003379805661174462,1935000.0,0.0029661016949151797,1910000.0,trend,1.0
2024-03-25,120.3,121.2,119.85,120.95,2040000,0.004973072826955693,0.004985459077690102,0.0028937577511367607,85.74234374219965,118.5956345164511,116.00869004478734,0.021388544618964497,2.586944471663756,2.5040834181322875,117.03,121.64295658131054,112.41704341868946,0.062132993529732165,0.018526315789473724,0.08281110116383172,0.011161637040099285,0.06031264256900241,0.0,1.8039001206085392,0.006691760769552468,2010000.0,-0.0029190992493745016,1945000.0,0.005450733752620618,1990000.0,0.004210526315789442,1965000.0,0.003379805661174462,1935000.0,trend,1.0
2024-03-26,121.0,121.7,120.2,121.3,2025000,0.0028895788939680145,0.0028937577511367607,0.004534212695795459,86.38917806244002,119.01169074468939,116.40063893035865,0.02152557142894259,2.611051814330736,2.525477097371977,117.43499999999999,122.05442124422342,112.81557875577656,0.05750612937506472,0.01719077568134164,0.07487815684537003,0.01236603462489695,0.06031272130371161,0.0,1.4947062936881539,0.004985459077690102,2040000.0,0.006691760769552468,2010000.0,-0.0029190992493745016,1945000.0,0.005450733752620618,1990000.0,0.004210526315789442,1965000.0,trend,1.0
2024-03-27,121.25,122.1,120.8,121.85,2065000,0.004523964121211144,0.004534212695795459,-0.002872384078785317,87.35965074947572,119.44835370704486,116.80429530588765,0.021699289299607797,2.64405840115721,2.5491933581290236,117.83,122.54474730025557,113.11525269974443,0.0576106102080198,0.01626355296080062,0.07641342756183733,0.01066885514977429,0.058698456000655014,0.0,1.7278003372445991,0.0028937577511367607,2025000.0,0.004985459077690102,2040000.0,0.006691760769552468,2010000.0,-0.0029190992493745016,1945000.0,0.005450733752620618,1990000.0,trend,1.0
